id;code;name;notes
82882899-74df-46d3-b4e8-6aae6323c512;fatherly modern fooey;pfft upliftingly ignite;ick patiently gosh
b9505777-153e-43a7-9b92-826e3fc16d4d;hubcap;though while as;underneath trick rubberneck
1c14743b-49b8-42b4-803d-4124d30802ea;woeful;how nor;than
a4c2dc31-1b49-4b58-89d1-5095853b37d6;so best;archeology partition which;rise actual
e5a3d030-1ead-47fe-b4b7-99db49435cb5;solid;but flickering fondly;pfft neologism
a2272b68-d7e4-4055-bb8d-4c04d71242e1;quintessential ew;publication well-groomed aw;eek
30a4f872-6dba-4294-9aab-f64f2e4e9d88;upliftingly fumbling;tensely age;usefully although manacle
f82c4efb-a2f9-4859-8c42-c188e1064be1;brr clumsy for;strong blah er;inasmuch
b2cee171-4c6f-43fa-8f1f-e2587d3a8322;reinscription yet;wrongly trellis;now under
7d0f68a6-c9b4-4248-ad7b-4f19000c64c3;likewise;concerning comprehension jubilant;recklessly via
