id;name
92f9bb6a-0863-4787-94f9-eea014284167;snaggle
28592697-ee46-40da-92e0-9483b9aaaa7b;sty detect married
194b3b09-8072-463a-94d1-4e854e62d81f;athwart
c3c58b6e-96ef-402e-a0d0-b6993790bfa6;hence more
7cf77be7-0798-43f1-ab0f-8162ac7bb7fc;oof surround trifling
9efa718a-8273-4c14-b175-31cf14399d3f;except gah
4ebb081b-9660-43cc-a641-00cbe1d0f275;beneath forsake yearly
672d1f38-3d21-4cdc-a70b-1b95989eb46b;apropos disincentivize whopping
88648f3a-0833-49b2-81bf-f239f794bcd7;covenant ugh interpretation
1a1cf140-d702-442d-83c4-4002ec6fc20c;promptly
